{
    "train": {
        "loss": 1979.0452492675781,
        "acc": 0.9817128777503967
    },
    "eval": {
        "eval_acc": 0.9597923159599304,
        "eval_loss": 1156.2254943847656
    }
}